{
    "1":"Allion Toyota",
"2":"Aqua Toyota",
"3":"Avanza Toyota",
"4":"Aygo Toyota",
"5":"Belta Toyota",
"6":"Camry Toyota",
"7":"Celica Toyota",
"8":"C-HR Toyota",
"9":"Corolla",
"10":"Corolla Fielder Toyota",
"11":"Crown Toyota",
"12":"Estima Toyota",
"13":"Fj Cruiser Toyota",
"14":"Fortuner",
"15":"Fortuner Toyota",
"16":"Hiace Toyota",
"17":"Hilus",
"18":"Hilux",
"19":"IQ Toyota",
"20":"ISIS Toyota",
"21":"IST Toyota",
"22":"Land Crusier Toyota",
"23":"Mark II Toyota",
"24":"Mark X Toyota",
"25":"Passo Toyota",
"26":"Pixis Space Toyota",
"27":"Pixix Epoch Toyota",
"28":"Platz Toyota",
"29":"Porte Toyota",
"30":"Prado Toyota",
"31":"Premio Toyota",
"32":"Prius Alpha Toyota",
"33":"Prius Toyota",
"34":"Probox Toyota",
"35":"Ractis Toyota",
"36":"Rav4 Toyota",
"37":"Roomy Toyota",
"38":"Rush Toyota",
"39":"Succeed Toyota",
"40":"Surf Toyota",
"41":"Tundra Toyota",
"42":"Voxy Toyota",
"43":"Vtiz Toyota",
"44":"Waish Toyota",
"45":"Yaris"

}